conjunto,id,status,meta_otimizacao,estrategia_lance,gasto_brl,compras,roas,cpa_brl,ctr,frequencia,atualizado
01 - Campeões,120254843736100102,CAMPAIGN_PAUSED,OFFSITE_CONVERSIONS,,12079.99,535,12.12,22.58,"1,80%",5.45,2026-07-24
01 - Campeões,120251355081820102,PAUSED,OFFSITE_CONVERSIONS,,8465.83,153,3.95,55.33,"1,59%",2.66,2026-06-15
01 - [FEED/STORIES] FRIO,120254853922320102,CAMPAIGN_PAUSED,OFFSITE_CONVERSIONS,,5601.85,210,9.57,26.68,"2,45%",3.9,2026-07-23
01 - IG - ADV+ - ABERTO,120251355941240102,CAMPAIGN_PAUSED,VALUE,,4057.52,61,4.41,66.52,"1,12%",3.2,2026-05-22
01 - [FEED/STORIES],120253142687480102,CAMPAIGN_PAUSED,OFFSITE_CONVERSIONS,,3506.2,71,5.11,49.38,"1,68%",2.47,2026-06-17
02 - [FEED/STORIES] QUENTE - Gracyanne,120255704765090102,ACTIVE,OFFSITE_CONVERSIONS,,3236.0,32,2.05,101.12,"2,06%",1.18,2026-08-28
02 - [FEED/STORIES] FRIO,120251355557780102,CAMPAIGN_PAUSED,OFFSITE_CONVERSIONS,Highest volume,3215.81,62,5.48,51.87,"2,52%",1.93,2026-06-10
01 - [FEED/STORIES] ADV+,120253689936780102,CAMPAIGN_PAUSED,OFFSITE_CONVERSIONS,,3095.64,67,4.76,46.2,"2,33%",2.2,2026-07-15
01 - [FEED/STORIES] FRIO,120253765490370102,CAMPAIGN_PAUSED,OFFSITE_CONVERSIONS,,3050.0,58,5.3,52.59,"1,53%",2.04,2026-07-02
01 - [FEED/STORIES] FRIO,120254883774490102,CAMPAIGN_PAUSED,OFFSITE_CONVERSIONS,,2838.9,124,11.67,22.89,"2,58%",2.26,2026-07-27
01 - [FEED/STORIES] FRIO,120253136953580102,CAMPAIGN_PAUSED,OFFSITE_CONVERSIONS,,2793.55,41,3.23,68.14,"1,33%",1.63,2026-06-17
01 - [FEED/STORIES] FRIO,120251355557770102,CAMPAIGN_PAUSED,OFFSITE_CONVERSIONS,Highest volume,2640.67,42,4.13,62.87,"1,99%",1.39,2026-06-10
01 - Campeões,120253002659230102,CAMPAIGN_PAUSED,OFFSITE_CONVERSIONS,,2492.26,54,4.34,46.15,"1,61%",1.84,2026-06-16
01 - [FEED/STORIES] ADV+,120251575235100102,CAMPAIGN_PAUSED,OFFSITE_CONVERSIONS,,2476.74,48,4.28,51.6,"1,95%",1.44,2026-05-26
01 - [FEED/STORIES] ADV+,120253614095870102,CAMPAIGN_PAUSED,OFFSITE_CONVERSIONS,,2415.99,40,3.29,60.4,"2,05%",1.4,2026-06-23
01 - [FEED/STORIES] ADV+,120252666933330102,CAMPAIGN_PAUSED,OFFSITE_CONVERSIONS,,2387.06,32,3.06,74.6,"1,88%",1.54,2026-06-10
01 - IG & FB - ADV+,120240077768030102,CAMPAIGN_PAUSED,PROFILE_VISIT,,2187.68,0,0.0,,"5,76%",1.22,2025-11-17
01 - [FEED/STORIES] ADV+,120254152494810102,CAMPAIGN_PAUSED,OFFSITE_CONVERSIONS,,2147.92,37,3.22,58.05,"2,26%",1.42,2026-06-30
01 - Campeões,120251354848020102,CAMPAIGN_PAUSED,OFFSITE_CONVERSIONS,,2118.19,42,4.79,50.43,"1,69%",1.54,2026-05-22
01 - Nordeste,120252678192340102,CAMPAIGN_PAUSED,VALUE,,2091.81,21,3.3,99.61,"1,26%",2.44,2026-06-10
01 - IG & FB - ADV+,120253201548350102,CAMPAIGN_PAUSED,PROFILE_VISIT,,2069.95,0,0.0,,"4,75%",1.13,2026-06-18
01 - Sul,120253000772560102,CAMPAIGN_PAUSED,VALUE,,1940.02,31,4.3,62.58,"1,49%",1.84,2026-06-15
01 - [FEED/STORIES] FRIO,120251759324020102,CAMPAIGN_PAUSED,OFFSITE_CONVERSIONS,,1913.73,31,3.85,61.73,"2,28%",1.76,2026-05-28
01 - [FEED/STORIES] ADV+,120253001744260102,CAMPAIGN_PAUSED,OFFSITE_CONVERSIONS,,1789.45,38,5.24,47.09,"2,12%",1.88,2026-06-15
01 - Geral,120251760077280102,CAMPAIGN_PAUSED,PROFILE_AND_PAGE_ENGAGEMENT,,1603.74,2,0.25,801.87,"4,00%",1.3,2026-05-28
02 - [FEED/STORIES] FRIO,120253066643640102,CAMPAIGN_PAUSED,OFFSITE_CONVERSIONS,Highest volume,1529.52,22,3.18,69.52,"1,40%",1.61,2026-06-16
01 - [FEED/STORIES] ADV+,120252325753910102,CAMPAIGN_PAUSED,OFFSITE_CONVERSIONS,,1493.8,14,2.22,106.7,"1,68%",1.53,2026-06-08
01 - Academias,120253002066560102,CAMPAIGN_PAUSED,VALUE,,1467.78,25,4.2,58.71,"1,61%",1.52,2026-06-15
01 - [FEED/STORIES] QUENTE,120254795820930102,CAMPAIGN_PAUSED,OFFSITE_CONVERSIONS,,1366.74,38,5.39,35.97,"2,78%",1.64,2026-07-21
01 - [FEED/STORIES] ADV+,120252665191060102,CAMPAIGN_PAUSED,OFFSITE_CONVERSIONS,,1325.85,21,3.73,63.14,"2,63%",1.68,2026-06-10
01 - [FEED/STORIES] FRIO,120253066643650102,CAMPAIGN_PAUSED,OFFSITE_CONVERSIONS,Highest volume,1247.38,23,4.34,54.23,"2,07%",1.46,2026-06-16
01 - [FEED/STORIES] FRIO,120254883504570102,CAMPAIGN_PAUSED,OFFSITE_CONVERSIONS,,1232.05,57,12.14,21.61,"2,23%",1.85,2026-07-27
01 - [FEED/STORIES] ADV+,120254155088380102,CAMPAIGN_PAUSED,OFFSITE_CONVERSIONS,,1211.29,18,3.32,67.29,"1,86%",1.21,2026-06-30
01 - [FEED/STORIES] FRIO,120252011512000102,CAMPAIGN_PAUSED,OFFSITE_CONVERSIONS,,1140.02,9,2.0,126.67,"1,78%",1.2,2026-06-01
01 - [FEED/STORIES],120254795855390102,CAMPAIGN_PAUSED,OFFSITE_CONVERSIONS,,1129.25,41,7.31,27.54,"3,98%",1.47,2026-07-21
01 - Academias,120252664461620102,CAMPAIGN_PAUSED,VALUE,,1127.05,10,2.14,112.7,"1,56%",1.48,2026-06-10
01 - Sudeste,120252678662820102,CAMPAIGN_PAUSED,VALUE,,1119.69,19,4.2,58.93,"1,68%",1.65,2026-06-10
01 - Sul,120252678778320102,CAMPAIGN_PAUSED,VALUE,,1115.14,11,2.77,101.38,"1,17%",2.09,2026-06-10
01 - [FEED/STORIES] ADV+,120253764385400102,CAMPAIGN_PAUSED,OFFSITE_CONVERSIONS,,1024.02,14,3.52,73.14,"1,77%",1.51,2026-06-25
01 - [FEED/STORIES] LOOKALIKE,120254883666000102,CAMPAIGN_PAUSED,OFFSITE_CONVERSIONS,,1006.82,27,5.46,37.29,"2,30%",1.23,2026-07-24
01 - [FEED/STORIES] ADV+,120253126125660102,CAMPAIGN_PAUSED,OFFSITE_CONVERSIONS,,972.7,16,4.33,60.79,"2,05%",1.44,2026-06-17
01 - [FEED/STORIES] FRIO,120253211876190102,CAMPAIGN_PAUSED,OFFSITE_CONVERSIONS,,969.6,16,4.92,60.6,"2,01%",1.43,2026-06-25
01 - [FEED/STORIES] ADV+,120254233017490102,CAMPAIGN_PAUSED,OFFSITE_CONVERSIONS,,902.55,15,2.46,60.17,"3,28%",1.18,2026-07-02
01 - [FEED/STORIES] INTERESSES,120254854990450102,CAMPAIGN_PAUSED,OFFSITE_CONVERSIONS,,842.37,21,5.41,40.11,"1,82%",1.37,2026-07-23
01 - [FEED/STORIES] QUENTE,120254899255390102,CAMPAIGN_PAUSED,OFFSITE_CONVERSIONS,,836.87,36,8.99,23.25,"2,39%",1.44,2026-07-25
01 - [FEED/STORIES] FRIO,120253142514810102,CAMPAIGN_PAUSED,OFFSITE_CONVERSIONS,Highest volume,807.0,10,3.26,80.7,"1,88%",1.35,2026-06-17
01 - [FEED/STORIES],120254233252660102,CAMPAIGN_PAUSED,OFFSITE_CONVERSIONS,,759.78,10,3.0,75.98,"2,05%",1.4,2026-07-02
01 - [FEED/STORIES] FRIO,120254233173130102,CAMPAIGN_PAUSED,OFFSITE_CONVERSIONS,,742.43,7,1.63,106.06,"1,41%",1.48,2026-07-02
01 - [FEED/STORIES] ADV+,120253844420050102,CAMPAIGN_PAUSED,OFFSITE_CONVERSIONS,,720.43,12,3.39,60.04,"1,31%",1.32,2026-06-26
01 - [FEED/STORIES] FRIO,120253304058090102,CAMPAIGN_PAUSED,OFFSITE_CONVERSIONS,,714.91,11,2.06,64.99,"2,05%",1.54,2026-06-19
01 - [FEED/STORIES] QUENTE,120254795844830102,CAMPAIGN_PAUSED,OFFSITE_CONVERSIONS,,691.09,21,9.01,32.91,"2,69%",2.17,2026-07-21
01 - [FEED/STORIES] ADV+,120252676498450102,CAMPAIGN_PAUSED,OFFSITE_CONVERSIONS,,671.75,6,2.07,111.96,"1,52%",1.39,2026-06-10
01 - [FEED/STORIES] FRIO,120252745868620102,CAMPAIGN_PAUSED,OFFSITE_CONVERSIONS,,645.93,8,2.3,80.74,"1,83%",1.14,2026-06-11
01 - [FEED/STORIES] ADV+,120254232991570102,CAMPAIGN_PAUSED,OFFSITE_CONVERSIONS,,643.04,10,3.01,64.3,"2,30%",1.16,2026-07-02
01 - [FEED/STORIES] ADV+,120254482353670102,CAMPAIGN_PAUSED,OFFSITE_CONVERSIONS,,629.74,9,2.83,69.97,"2,25%",1.38,2026-07-09
01 - [FEED/STORIES] ADV+,120252514022650102,CAMPAIGN_PAUSED,OFFSITE_CONVERSIONS,,612.19,14,6.3,43.73,"1,56%",1.42,2026-06-08
01 - [FEED/STORIES],120254199016870102,CAMPAIGN_PAUSED,OFFSITE_CONVERSIONS,,604.99,3,1.46,201.66,"1,93%",1.23,2026-07-01
01 - [FEED/STORIES] ADV+,120253689989320102,CAMPAIGN_PAUSED,OFFSITE_CONVERSIONS,,592.59,4,1.87,148.15,"2,01%",1.62,2026-06-24
01 - Campeões,120255704698820102,ACTIVE,OFFSITE_CONVERSIONS,,576.41,13,7.09,44.34,"2,17%",1.46,2026-08-28
01 - [FEED/STORIES] ADV+,120253142753950102,CAMPAIGN_PAUSED,OFFSITE_CONVERSIONS,,574.91,8,2.74,71.86,"1,92%",1.65,2026-06-17
01 - IG & FB - ADV+,120254795674640102,CAMPAIGN_PAUSED,PROFILE_VISIT,,540.09,0,0.0,,"5,58%",1.14,2026-07-21
01 - IG & FB,120254795689300102,CAMPAIGN_PAUSED,PROFILE_VISIT,,535.43,0,0.0,,"6,18%",1.16,2026-07-21
01 - [FEED/STORIES] FRIO,120253065900580102,CAMPAIGN_PAUSED,OFFSITE_CONVERSIONS,,533.63,6,2.49,88.94,"1,64%",1.21,2026-06-16
01 - CUP,120254883325990102,CAMPAIGN_PAUSED,VALUE,,514.63,8,3.98,64.33,"4,21%",1.68,2026-07-24
01 - [FEED/STORIES] ADV+,120252662090160102,CAMPAIGN_PAUSED,OFFSITE_CONVERSIONS,,491.29,6,3.77,81.88,"1,68%",1.34,2026-06-10
01 - Low Carb,120254854475990102,CAMPAIGN_PAUSED,VALUE,,487.56,2,0.92,243.78,"4,30%",1.61,2026-07-23
01 - Campeões,120249048434380102,CAMPAIGN_PAUSED,OFFSITE_CONVERSIONS,,470.46,11,6.38,42.77,"1,02%",2.89,2026-04-22
01 - [FEED/STORIES] FRIO,120253205873550102,CAMPAIGN_PAUSED,OFFSITE_CONVERSIONS,,451.44,3,2.76,150.48,"1,22%",1.38,2026-06-18
01 - Sudeste,120253127114200102,CAMPAIGN_PAUSED,VALUE,,447.95,6,4.56,74.66,"1,48%",1.33,2026-06-17
01 - [FEED/STORIES] FRIO,120254482004910102,CAMPAIGN_PAUSED,OFFSITE_CONVERSIONS,,444.84,5,4.15,88.97,"1,95%",1.56,2026-07-09
01 - [FEED/STORIES] ADV+,120253055772290102,CAMPAIGN_PAUSED,OFFSITE_CONVERSIONS,,426.74,7,2.86,60.96,"2,29%",1.23,2026-06-16
01 - [FEED/STORIES] QUENTE,120254823821670102,CAMPAIGN_PAUSED,OFFSITE_CONVERSIONS,,425.71,11,4.52,38.7,"3,02%",1.53,2026-07-22
01 - Cup,120254883195580102,CAMPAIGN_PAUSED,VALUE,,383.67,4,2.09,95.92,"6,07%",1.34,2026-07-24
01 - [FEED/STORIES] ADV+,120253127414300102,CAMPAIGN_PAUSED,OFFSITE_CONVERSIONS,,382.0,6,1.99,63.67,"2,00%",1.15,2026-06-17
01 - Nordeste,120253126925750102,CAMPAIGN_PAUSED,VALUE,,373.7,0,0.0,,"1,36%",1.51,2026-06-17
01 - [FEED/STORIES] LOOKALIKE,120254883659970102,CAMPAIGN_PAUSED,OFFSITE_CONVERSIONS,,373.59,4,1.7,93.4,"1,77%",1.18,2026-07-24
01 - Low Carb,120254795762560102,CAMPAIGN_PAUSED,VALUE,,366.35,9,5.92,40.71,"4,21%",1.52,2026-07-21
01 - [FEED/STORIES] FRIO,120253202874120102,CAMPAIGN_PAUSED,OFFSITE_CONVERSIONS,,339.65,2,1.62,169.82,"1,50%",1.17,2026-06-18
01 - [FEED/STORIES] FRIO,120253209558550102,CAMPAIGN_PAUSED,OFFSITE_CONVERSIONS,,335.04,2,1.91,167.52,"1,85%",1.18,2026-06-18
01 - [FEED/STORIES],120254152555560102,CAMPAIGN_PAUSED,OFFSITE_CONVERSIONS,,333.29,1,0.13,333.29,"1,73%",1.31,2026-06-30
01 - [FEED/STORIES] QUENTE,120255001921910102,CAMPAIGN_PAUSED,OFFSITE_CONVERSIONS,,328.26,5,3.62,65.65,"3,66%",1.14,2026-08-28
01 - [FEED/STORIES] FRIO,120253765372120102,CAMPAIGN_PAUSED,OFFSITE_CONVERSIONS,,295.37,3,2.27,98.46,"2,07%",1.4,2026-06-25
01 - [FEED/STORIES] ADV+,120254482169860102,CAMPAIGN_PAUSED,OFFSITE_CONVERSIONS,,294.45,2,1.39,147.22,"2,21%",1.43,2026-07-09
01 - IG & FB,120254795704560102,CAMPAIGN_PAUSED,PROFILE_VISIT,,293.32,0,0.0,,"5,61%",1.22,2026-07-21
01 - [FEED/STORIES] KONJAC10 MORNO,120253068257870102,CAMPAIGN_PAUSED,VALUE,,286.39,5,3.41,57.28,"1,47%",1.48,2026-06-16
01 - [FEED/STORIES] LOOKALIKE,120254617448000102,CAMPAIGN_PAUSED,OFFSITE_CONVERSIONS,,285.15,2,2.08,142.57,"1,90%",1.11,2026-07-14
01 - [FEED/STORIES] FRIO,120253304642970102,CAMPAIGN_PAUSED,OFFSITE_CONVERSIONS,,281.58,1,1.24,281.58,"1,45%",1.08,2026-06-19
01 - [FEED/STORIES] ADV+,120253140454650102,CAMPAIGN_PAUSED,OFFSITE_CONVERSIONS,,280.44,5,3.76,56.09,"1,29%",1.36,2026-06-17
01 - [FEED/STORIES] ADV+,120252513423000102,CAMPAIGN_PAUSED,OFFSITE_CONVERSIONS,,269.89,5,4.03,53.98,"2,44%",1.36,2026-06-08
01 - [FEED/STORIES] VOLTEI10 RECOMPRA,120253068257900102,CAMPAIGN_PAUSED,VALUE,,263.61,4,4.09,65.9,"1,60%",2.31,2026-06-16
01 - IG & FB - ADV+,120254482452180102,CAMPAIGN_PAUSED,PROFILE_VISIT,,262.1,0,0.0,,"4,60%",1.04,2026-07-09
01 - [FEED/STORIES] QUENTE,120253614822760102,CAMPAIGN_PAUSED,OFFSITE_CONVERSIONS,,261.17,2,0.98,130.59,"1,47%",1.11,2026-06-23
01 - Campeões - Low Carb,120253844200640102,CAMPAIGN_PAUSED,VALUE,,260.75,2,1.64,130.38,"1,87%",1.43,2026-06-26
01 - [FEED/STORIES] INTERESSES,120254795810190102,CAMPAIGN_PAUSED,OFFSITE_CONVERSIONS,,256.18,2,1.11,128.09,"1,58%",1.23,2026-07-21
01 - [FEED/STORIES] INTERESSES,120254618555100102,CAMPAIGN_PAUSED,OFFSITE_CONVERSIONS,,250.89,11,9.87,22.81,"2,67%",1.28,2026-07-14
01 - [FEED/STORIES] INTERESSES,120254795789480102,CAMPAIGN_PAUSED,OFFSITE_CONVERSIONS,,248.01,7,3.1,35.43,"2,08%",1.25,2026-07-21
01 - [FEED/STORIES] FRIO,120254616999320102,CAMPAIGN_PAUSED,OFFSITE_CONVERSIONS,,244.37,7,3.64,34.91,"2,02%",1.34,2026-07-14
01 - [FEED/STORIES] FRIO,120254795777480102,CAMPAIGN_PAUSED,OFFSITE_CONVERSIONS,,236.0,3,3.28,78.67,"1,57%",1.53,2026-07-21
01 - [FEED/STORIES],120253689923750102,CAMPAIGN_PAUSED,OFFSITE_CONVERSIONS,,233.89,2,2.66,116.94,"1,76%",1.23,2026-06-24
01 - [FEED/STORIES] FRIO,120252998803770102,CAMPAIGN_PAUSED,OFFSITE_CONVERSIONS,,222.95,2,2.4,111.47,"2,85%",1.28,2026-06-15
01 - [FEED/STORIES] FRIO,120253127331240102,CAMPAIGN_PAUSED,OFFSITE_CONVERSIONS,,206.92,1,1.25,206.92,"1,98%",1.14,2026-06-17
01 - Geral,120252596599500102,CAMPAIGN_PAUSED,PROFILE_AND_PAGE_ENGAGEMENT,,205.99,0,0.0,,"4,12%",1.5,2026-06-09
01 - [FEED/STORIES] ADV+,120252513645160102,CAMPAIGN_PAUSED,OFFSITE_CONVERSIONS,,196.31,3,2.22,65.44,"2,00%",1.33,2026-06-08
01 - Sul,120253127225220102,CAMPAIGN_PAUSED,VALUE,,190.5,0,0.0,,"1,32%",1.31,2026-06-17
01 - Low Carb,120254795746320102,CAMPAIGN_PAUSED,VALUE,,187.0,2,1.86,93.5,"4,62%",1.47,2026-07-21
01 - [FEED/STORIES] KONJAC10 MORNO,120253141962290102,CAMPAIGN_PAUSED,VALUE,,184.97,3,3.16,61.66,"1,54%",1.2,2026-06-17
01 - IG & FB,120254795732550102,CAMPAIGN_PAUSED,PROFILE_VISIT,,168.18,0,0.0,,"3,78%",1.27,2026-07-21
01 - Centro-Oeste,120252678439220102,CAMPAIGN_PAUSED,VALUE,,157.95,1,1.48,157.95,"1,77%",1.35,2026-06-10
01 - [FEED/STORIES] QUENTE,120254619283770102,CAMPAIGN_PAUSED,OFFSITE_CONVERSIONS,,157.07,3,2.05,52.36,"1,56%",1.28,2026-07-14
01 - Cup,120255001391080102,CAMPAIGN_PAUSED,VALUE,,154.94,0,0.0,,"5,85%",1.1,2026-07-29
01 - [FEED/STORIES] QUENTE,120254619011410102,CAMPAIGN_PAUSED,OFFSITE_CONVERSIONS,,153.95,5,5.84,30.79,"1,64%",1.49,2026-07-14
01 - Low Carb,120254615806010102,CAMPAIGN_PAUSED,VALUE,,153.58,0,0.0,,"3,40%",1.4,2026-07-14
01 - Low Carb,120254616511580102,CAMPAIGN_PAUSED,VALUE,,150.38,3,3.79,50.13,"5,58%",1.32,2026-07-14
01 - Low Carb,120255001828360102,CAMPAIGN_PAUSED,VALUE,,141.45,0,0.0,,"4,28%",1.5,2026-07-29
01 - [FEED/STORIES] QUENTE,120255002044220102,CAMPAIGN_PAUSED,OFFSITE_CONVERSIONS,,139.7,4,5.78,34.92,"2,52%",1.39,2026-07-29
01 - [FEED/STORIES] FRIO,120253613607050102,CAMPAIGN_PAUSED,OFFSITE_CONVERSIONS,,135.18,1,0.57,135.18,"1,77%",1.11,2026-06-23
01 - [FEED/STORIES] LOOKALIKE,120255001096490102,CAMPAIGN_PAUSED,OFFSITE_CONVERSIONS,,134.75,1,2.2,134.75,"2,51%",1.12,2026-07-29
01 - [FEED/STORIES] ADV+,120252513070090102,CAMPAIGN_PAUSED,OFFSITE_CONVERSIONS,,122.13,2,2.88,61.06,"1,97%",1.31,2026-06-08
01 - [FEED/STORIES] QUENTE,120253615505300102,CAMPAIGN_PAUSED,OFFSITE_CONVERSIONS,,116.12,0,0.0,,"2,09%",1.07,2026-06-23
01 - [FEED/STORIES] ADV+,120253125707630102,CAMPAIGN_PAUSED,OFFSITE_CONVERSIONS,,105.06,1,1.07,105.06,"2,03%",1.17,2026-06-17
