anuncio,id,status,gasto_brl,compras,roas,cpa_brl,ctr,cpm_brl,frequencia,impressoes,atualizado
AD01 - KONJAC10,120251355081730102,ADSET_PAUSED,5019.32,92,3.74,54.56,"1,41%",26.0,2.46,193023,2026-05-22
CARR02,120251356488990102,CAMPAIGN_PAUSED,3412.12,53,4.57,64.38,"0,96%",29.24,2.99,116687,2026-05-22
AD02 - VIDEO 2,120251355557630102,CAMPAIGN_PAUSED,3191.73,61,5.45,52.32,"2,52%",37.09,1.92,86054,2026-05-22
AD02,120254853922400102,CAMPAIGN_PAUSED,3034.45,148,11.92,20.5,"2,52%",30.59,3.29,99194,2026-07-23
AD01 - VÍDEO 1,120251355557530102,CAMPAIGN_PAUSED,2640.67,42,4.13,62.87,"1,99%",31.43,1.39,84023,2026-05-22
AD01 - VÍDEO 1,120251575235250102,CAMPAIGN_PAUSED,2446.12,48,4.34,50.96,"1,96%",29.02,1.43,84282,2026-05-26
AD01 - VÍDEO 1,120254883774440102,CAMPAIGN_PAUSED,2319.26,106,11.9,21.88,"2,66%",37.59,2.09,61704,2026-07-24
AD02 - VIDEO 2,120253614095860102,CAMPAIGN_PAUSED,2189.4,34,3.16,64.39,"2,11%",30.17,1.39,72571,2026-06-23
AD06 - CARROSSEL,120254843735790102,CAMPAIGN_PAUSED,2169.22,98,12.44,22.13,"1,31%",26.28,2.97,82558,2026-08-24
AD01 - VÍDEO 1,120251354848090102,CAMPAIGN_PAUSED,2087.6,42,4.86,49.7,"1,69%",29.27,1.54,71327,2026-05-22
AD03 - VÍDEO 4,120252667089880102,PAUSED,1921.27,24,2.69,80.05,"1,70%",31.92,1.43,60188,2026-06-16
AD02 - VIDEO 2,120253142687530102,CAMPAIGN_PAUSED,1871.25,39,5.71,47.98,"1,76%",43.61,2.01,42909,2026-06-17
AD05 - ATRAÇÃO,120253201548360102,CAMPAIGN_PAUSED,1855.1,0,0.0,,"5,04%",6.01,1.12,308680,2026-06-18
AD05,120253765490360102,CAMPAIGN_PAUSED,1850.72,34,4.82,54.43,"1,51%",21.73,2.02,85179,2026-06-25
AD08 - ATRAÇÃO,120240079458580102,CAMPAIGN_PAUSED,1822.07,0,0.0,,"5,80%",5.11,1.18,356395,2025-11-17
AD02,120253689936770102,CAMPAIGN_PAUSED,1781.36,44,5.61,40.49,"2,39%",29.01,1.85,61395,2026-07-15
VID04,120251759595640102,PAUSED,1674.49,26,3.53,64.4,"2,28%",19.42,1.79,86241,2026-06-16
AD03 - CARROSSEL 3,120254843736190102,CAMPAIGN_PAUSED,1667.75,74,12.66,22.54,"1,58%",25.17,2.36,66248,2026-07-23
AD02 - VIDEO 2,120253000772510102,CAMPAIGN_PAUSED,1638.46,22,3.5,74.48,"1,50%",23.34,1.69,70189,2026-06-15
AD02,120253001744240102,CAMPAIGN_PAUSED,1606.6,36,5.53,44.63,"2,11%",28.35,1.84,56664,2026-06-15
AD02,120251760099360102,CAMPAIGN_PAUSED,1596.24,2,0.25,798.12,"4,00%",7.71,1.29,206940,2026-05-28
AD03 - CARROSSEL 3,120254843735830102,CAMPAIGN_PAUSED,1466.6,62,11.66,23.65,"1,67%",23.25,1.86,63076,2026-07-23
AD02 - VIDEO 2,120254152494840102,CAMPAIGN_PAUSED,1371.44,33,4.55,41.56,"2,34%",29.69,1.23,46193,2026-06-30
AD01 - VÍDEO 1,120254843736030102,CAMPAIGN_PAUSED,1314.37,45,11.54,29.21,"2,11%",22.72,2.63,57845,2026-07-23
AD02 - VIDEO 2,120254795820900102,CAMPAIGN_PAUSED,1264.41,32,4.51,39.51,"2,76%",44.09,1.55,28681,2026-07-21
AD01 - BANNER,120254853922380102,CAMPAIGN_PAUSED,1233.25,32,7.86,38.54,"2,02%",38.32,1.99,32184,2026-07-23
AD02 - VIDEO 2,120253002066610102,CAMPAIGN_PAUSED,1230.8,22,4.23,55.95,"1,62%",33.9,1.41,36310,2026-06-15
AD05 - BANNER,120253002659420102,CAMPAIGN_PAUSED,1217.53,19,2.74,64.08,"1,34%",22.42,1.5,54302,2026-06-15
AD01 - VÍDEO 1,120253066643480102,CAMPAIGN_PAUSED,1163.58,20,4.01,58.18,"2,10%",28.72,1.44,40515,2026-06-17
AD01 - VÍDEO 2,120255704765120102,ACTIVE,1140.56,12,1.86,95.05,"1,46%",36.78,1.22,31008,2026-08-28
AD01 - VÍDEO 1,120254843735770102,CAMPAIGN_PAUSED,1124.83,55,11.08,20.45,"2,18%",27.12,2.24,41469,2026-07-23
AD01 - VÍDEO 1,120254155088340102,CAMPAIGN_PAUSED,1118.9,17,3.39,65.82,"1,90%",22.89,1.18,48872,2026-06-30
AD06 - LOW CARB,120255705143570102,ACTIVE,1090.94,14,3.28,77.92,"4,43%",58.35,1.05,18697,2026-08-28
AD02 - VIDEO 2,120252325753940102,CAMPAIGN_PAUSED,1088.17,7,1.6,155.45,"1,69%",36.0,1.5,30231,2026-06-08
AD04 - BANNER 2,120254883504520102,CAMPAIGN_PAUSED,1073.88,49,12.64,21.92,"2,23%",45.14,1.77,23792,2026-07-24
AD05 - CARROSSEL,120253066643720102,CAMPAIGN_PAUSED,997.78,16,3.46,62.36,"1,16%",47.13,1.69,21169,2026-06-16
AD02 - VIDEO 2,120254843735760102,CAMPAIGN_PAUSED,900.8,36,8.91,25.02,"1,59%",23.69,2.16,38025,2026-07-23
AD02 - VIDEO 2,120254233017480102,CAMPAIGN_PAUSED,899.08,15,2.47,59.94,"3,29%",36.89,1.18,24371,2026-07-02
AD04,120254795855410102,CAMPAIGN_PAUSED,897.59,28,6.07,32.06,"4,25%",29.25,1.32,30683,2026-07-21
AD03 - BANNER 2,120253136953620102,CAMPAIGN_PAUSED,862.75,11,2.11,78.43,"1,31%",26.15,1.19,32996,2026-06-17
AD02 - VIDEO 2,120252665980030102,PAUSED,857.49,12,2.1,71.46,"2,30%",31.43,1.54,27282,2026-06-16
AD03,120254853922420102,CAMPAIGN_PAUSED,850.65,19,5.42,44.77,"2,55%",35.8,1.77,23758,2026-07-23
AD04 - CARROSSEL,120253136953590102,CAMPAIGN_PAUSED,825.49,10,2.94,82.55,"0,96%",33.65,1.58,24535,2026-06-17
AD02,120254899255340102,CAMPAIGN_PAUSED,805.36,36,9.34,22.37,"2,37%",43.53,1.42,18500,2026-07-25
AD05 - CARROSSEL,120253136953680102,WITH_ISSUES,802.67,14,4.04,57.33,"1,62%",31.11,1.27,25798,2026-06-23
AD02,120254854990490102,CAMPAIGN_PAUSED,783.96,19,5.55,41.26,"1,76%",18.98,1.36,41305,2026-07-23
AD01 - BANNER 1,120253142687500102,CAMPAIGN_PAUSED,777.31,16,5.27,48.58,"1,44%",34.55,1.82,22495,2026-06-17
AD01,120253689936760102,CAMPAIGN_PAUSED,774.19,12,3.39,64.52,"2,34%",34.64,1.55,22347,2026-06-25
AD01 - VÍDEO 1,120253126125630102,PAUSED,768.81,14,4.17,54.91,"2,14%",31.9,1.34,24102,2026-06-24
AD05,120254233173090102,CAMPAIGN_PAUSED,733.01,7,1.65,104.72,"1,40%",24.34,1.47,30120,2026-07-02
AD04,120253765490330102,CAMPAIGN_PAUSED,732.39,14,4.81,52.31,"1,34%",31.55,1.35,23213,2026-06-25
AD02 - VIDEO 2,120251355081670102,ADSET_PAUSED,731.87,10,3.32,73.19,"1,66%",25.72,1.23,28459,2026-05-22
AD02 - VIDEO 2,120254233252600102,CAMPAIGN_PAUSED,701.53,10,3.25,70.15,"2,12%",57.16,1.38,12273,2026-07-02
AD05 - CARROSSEL,120251355081700102,ADSET_PAUSED,687.68,11,4.47,62.52,"1,72%",34.23,1.42,20088,2026-05-22
VID01,120252011511990102,CAMPAIGN_PAUSED,654.59,7,2.96,93.51,"1,92%",33.34,1.17,19633,2026-06-01
AD04 - BANNER 2,120253211876170102,CAMPAIGN_PAUSED,654.58,10,4.07,65.46,"2,13%",34.04,1.38,19232,2026-06-19
AD03 - BANNER 2,120253142687460102,CAMPAIGN_PAUSED,653.24,11,3.75,59.39,"1,73%",26.33,1.45,24814,2026-06-17
AD01 - VÍDEO 1,120254232991590102,CAMPAIGN_PAUSED,639.5,10,3.02,63.95,"2,30%",35.03,1.16,18254,2026-07-02
AD03 - BANNER 1,120252678192220102,CAMPAIGN_PAUSED,629.51,4,2.23,157.38,"0,88%",31.86,1.97,19760,2026-06-10
VID01,120252745868650102,CAMPAIGN_PAUSED,617.55,8,2.4,77.19,"1,85%",32.05,1.12,19267,2026-06-11
AD01,120252514022620102,CAMPAIGN_PAUSED,612.19,14,6.3,43.73,"1,56%",43.38,1.42,14113,2026-06-08
AD02 - CARROSSEL,120253844420080102,CAMPAIGN_PAUSED,610.56,12,4.0,50.88,"1,09%",32.99,1.3,18506,2026-06-26
AD06 - CARROSSEL,120254843736060102,CAMPAIGN_PAUSED,604.72,38,19.93,15.91,"1,47%",32.09,1.94,18842,2026-07-23
AD01 - VÍDEO 1,120253142514840102,CAMPAIGN_PAUSED,602.45,7,3.02,86.06,"1,92%",30.01,1.27,20074,2026-06-17
AD02 - BANNER 1,120254795844860102,CAMPAIGN_PAUSED,590.86,18,9.2,32.83,"2,68%",42.77,2.14,13814,2026-07-21
AD02 - VIDEO 2,120253764385440102,CAMPAIGN_PAUSED,578.28,5,2.74,115.66,"2,05%",33.91,1.45,17054,2026-06-25
AD02 - VIDEO 2,120254199016810102,CAMPAIGN_PAUSED,576.6,3,1.53,192.2,"1,95%",35.98,1.21,16026,2026-07-01
AD02,120254883666040102,CAMPAIGN_PAUSED,554.37,13,5.17,42.64,"2,49%",38.21,1.23,14510,2026-07-24
AD05 - ATRAÇÃO,120254795674660102,CAMPAIGN_PAUSED,537.53,0,0.0,,"5,59%",5.48,1.14,98171,2026-07-21
AD06- ATRAÇÃO,120254795689280102,CAMPAIGN_PAUSED,532.68,0,0.0,,"6,19%",6.87,1.16,77569,2026-07-21
AD01 - VÍDEO 1,120255704765100102,ACTIVE,520.29,3,0.83,173.43,"1,50%",32.98,1.04,15774,2026-08-28
AD04,120252679128850102,CAMPAIGN_PAUSED,513.05,8,4.37,64.13,"1,60%",42.43,1.58,12093,2026-06-10
VID04,120253065900650102,CAMPAIGN_PAUSED,477.45,3,1.44,159.15,"1,53%",28.37,1.19,16832,2026-06-16
AD02,120252676498440102,CAMPAIGN_PAUSED,475.7,3,1.62,158.57,"1,36%",29.61,1.25,16067,2026-06-10
AD05,120254854312210102,CAMPAIGN_PAUSED,450.85,11,6.95,40.99,"2,83%",60.82,1.72,7413,2026-07-23
AD02 - VIDEO 2,120254843735780102,CAMPAIGN_PAUSED,450.71,22,12.29,20.49,"2,13%",25.91,2.04,17393,2026-07-23
AD01,120252662090170102,CAMPAIGN_PAUSED,448.6,6,4.13,74.77,"1,85%",49.97,1.3,8978,2026-06-10
AD02 - VIDEO 2,120254482353640102,CAMPAIGN_PAUSED,445.29,5,2.47,89.06,"2,29%",37.65,1.3,11828,2026-07-09
VID06,120251357137280102,CAMPAIGN_PAUSED,433.69,6,3.92,72.28,"2,39%",38.53,1.51,11256,2026-05-22
AD01 - VÍDEO 1,120252678192320102,CAMPAIGN_PAUSED,418.04,2,0.94,209.02,"1,63%",28.36,1.27,14742,2026-06-10
AD01 - VÍDEO 1,120251355081940102,PAUSED,413.54,2,1.03,206.77,"1,74%",28.94,1.16,14288,2026-06-09
AD03,120253689936790102,CAMPAIGN_PAUSED,410.64,7,4.09,58.66,"2,04%",30.12,1.34,13632,2026-06-25
AD03 - BANNER 2,120253764494170102,CAMPAIGN_PAUSED,395.14,8,4.18,49.39,"1,58%",27.45,1.23,14395,2026-06-25
AD03 - VÍDEO 3,120252512654900102,CAMPAIGN_PAUSED,393.75,7,4.01,56.25,"1,63%",34.06,1.19,11562,2026-06-08
AD01_CarrosselSingle,120251355081760102,ADSET_PAUSED,387.35,14,8.32,27.67,"2,61%",27.11,1.53,14286,2026-05-22
AD02 - VIDEO 2,120253304058110102,CAMPAIGN_PAUSED,384.71,4,1.39,96.18,"2,52%",43.26,1.47,8893,2026-06-19
AD01 - VÍDEO 1,120252667089830102,CAMPAIGN_PAUSED,378.58,6,3.06,63.1,"2,47%",41.24,1.19,9181,2026-06-10
VID03,120252011512060102,CAMPAIGN_PAUSED,378.06,1,0.37,378.06,"1,73%",27.85,1.13,13573,2026-06-01
AD02  CARROSSEL,120254152494850102,CAMPAIGN_PAUSED,377.69,2,1.12,188.84,"2,22%",26.64,1.35,14176,2026-06-30
AD02 - VIDEO 2,120253689989330102,CAMPAIGN_PAUSED,375.85,3,1.94,125.28,"1,97%",36.19,1.47,10385,2026-06-24
AD03 - BANNER 1,120252678778340102,CAMPAIGN_PAUSED,373.75,3,2.92,124.58,"1,07%",36.17,1.97,10334,2026-06-16
AD04 - VÍDEO 3,120252665980040102,CAMPAIGN_PAUSED,368.89,7,6.52,52.7,"3,41%",32.37,1.66,11396,2026-06-10
AD03_Collection,120254843735740102,CAMPAIGN_PAUSED,367.3,26,19.83,14.13,"2,46%",17.37,2.23,21143,2026-07-23
AD04 - VÍDEO 4,120253055772270102,CAMPAIGN_PAUSED,343.7,6,3.17,57.28,"2,31%",36.78,1.12,9344,2026-06-16
AD04 - VÍDEO 4,120253127414350102,CAMPAIGN_PAUSED,340.33,6,2.23,56.72,"2,02%",36.88,1.13,9228,2026-06-17
AD04 - VÍDEO 4,120253142753960102,CAMPAIGN_PAUSED,320.7,4,1.83,80.17,"1,73%",36.58,1.5,8766,2026-06-17
AD02 - VIDEO 2,120253066643630102,CAMPAIGN_PAUSED,319.37,3,1.7,106.46,"1,82%",38.55,1.12,8284,2026-06-16
AD07 - FOME,120253205873750102,WITH_ISSUES,314.86,3,3.96,104.95,"1,16%",32.9,1.3,9570,2026-06-23
AD03 - BANNER 1,120249048492840102,CAMPAIGN_PAUSED,312.49,7,5.57,44.64,"0,60%",11.76,3.01,26575,2026-04-21
AD01 - VÍDEO 1,120255001921900102,CAMPAIGN_PAUSED,311.55,5,3.81,62.31,"3,72%",53.69,1.1,5803,2026-08-28
AD05,120254854475980102,CAMPAIGN_PAUSED,309.65,1,0.32,309.65,"4,17%",13.92,1.4,22243,2026-07-23
AD03 BANNER,120254883325970102,CAMPAIGN_PAUSED,301.19,6,4.13,50.2,"3,61%",11.76,1.59,25619,2026-07-24
AD03 - BANNER 1,120252664650400102,CAMPAIGN_PAUSED,297.48,3,2.89,99.16,"1,23%",49.41,1.48,6021,2026-06-10
AD03- ATRAÇÃO,120254795704550102,CAMPAIGN_PAUSED,293.08,0,0.0,,"5,60%",2.43,1.23,120450,2026-07-21
AD02,120253765490340102,CAMPAIGN_PAUSED,286.18,5,7.98,57.24,"1,77%",24.99,1.24,11451,2026-06-25
AD03,120254883665990102,CAMPAIGN_PAUSED,286.05,11,7.09,26.0,"2,48%",62.69,1.19,4563,2026-07-24
AD01 - VÍDEO 1,120253002659120102,PAUSED,284.41,4,2.53,71.1,"1,87%",26.14,1.07,10882,2026-06-23
AD05 - ATRAÇÃO,120254482452220102,CAMPAIGN_PAUSED,261.01,0,0.0,,"4,58%",5.23,1.03,49903,2026-07-09
AD01,120253844292530102,CAMPAIGN_PAUSED,260.75,2,1.64,130.38,"1,87%",41.31,1.43,6312,2026-06-26
VID02,120254795762540102,CAMPAIGN_PAUSED,254.5,6,3.85,42.42,"4,66%",14.74,1.28,17262,2026-07-21
AD04,120252679117990102,PAUSED,253.71,0,0.0,,"1,09%",27.76,1.66,9140,2026-06-16
AD06 - ATRAÇÃO,120240078949210102,CAMPAIGN_PAUSED,251.79,0,0.0,,"6,61%",8.96,1.16,28098,2025-11-17
AD02_CarrosselMultimídia,120253002658820102,CAMPAIGN_PAUSED,244.29,3,1.14,81.43,"2,07%",24.64,1.38,9914,2026-06-15
AD01 - VÍDEO 3,120254152494860102,CAMPAIGN_PAUSED,243.68,1,0.56,243.68,"2,67%",39.75,1.14,6131,2026-06-30
AD04,120252679189500102,CAMPAIGN_PAUSED,238.39,5,7.62,47.68,"1,14%",27.75,1.6,8592,2026-06-10
AD01,120253765438350102,CAMPAIGN_PAUSED,237.74,2,1.02,118.87,"1,87%",26.74,1.38,8890,2026-07-14
AD04 - BANNER 2,120254883774430102,CAMPAIGN_PAUSED,234.06,8,11.68,29.26,"2,34%",44.25,1.63,5289,2026-07-24
AD03 - BANNER 1,120252678662800102,CAMPAIGN_PAUSED,227.67,5,5.47,45.53,"1,57%",52.48,1.41,4338,2026-06-10
AD01 - VÍDEO 1,120252664650370102,CAMPAIGN_PAUSED,222.5,1,0.91,222.5,"1,75%",47.03,1.06,4731,2026-06-10
AD03 - BANNER 1,120253211876220102,CAMPAIGN_PAUSED,217.91,4,4.38,54.48,"1,65%",41.28,1.16,5279,2026-06-18
AD03_Collection,120251355081610102,PAUSED,217.46,2,2.06,108.73,"2,38%",26.09,1.41,8334,2026-06-09
AD04 - VIDEO 4,120254823821680102,CAMPAIGN_PAUSED,215.17,6,5.23,35.86,"2,78%",56.36,1.44,3818,2026-07-22
AD03 - VIDEO 1,120253209558500102,CAMPAIGN_PAUSED,214.76,1,1.64,214.76,"1,89%",22.0,1.13,9764,2026-06-18
AD05 - CARROSSEL,120252678192250102,CAMPAIGN_PAUSED,214.57,1,1.55,214.57,"1,20%",25.19,1.23,8519,2026-06-10
AD01 - VÍDEO 1,120252513422970102,CAMPAIGN_PAUSED,214.17,3,2.74,71.39,"2,48%",33.66,1.26,6362,2026-06-08
AD03,120254482004890102,CAMPAIGN_PAUSED,213.76,4,7.77,53.44,"1,87%",21.06,1.27,10152,2026-07-09
AD02 - VIDEO 2,120254152555610102,CAMPAIGN_PAUSED,212.47,1,0.21,212.47,"1,88%",60.67,1.25,3502,2026-06-30
AD02,120252679189480102,CAMPAIGN_PAUSED,210.99,3,5.06,70.33,"1,20%",23.45,1.42,8998,2026-06-10
AD02 - VIDEO 2,120254843735840102,CAMPAIGN_PAUSED,208.36,10,14.3,20.84,"2,80%",36.98,1.57,5634,2026-07-23
AD01,120252596599490102,CAMPAIGN_PAUSED,205.99,0,0.0,,"4,12%",13.52,1.5,15233,2026-06-09
AD01 - BANNER 1,120253202874190102,CAMPAIGN_PAUSED,203.44,2,2.71,101.72,"1,56%",23.72,1.13,8578,2026-06-18
AD01 - Konjac BOX,120254843736050102,CAMPAIGN_PAUSED,203.08,8,9.05,25.39,"2,02%",26.08,1.64,7787,2026-07-23
AD01 - VÍDEO 1,120253304058130102,CAMPAIGN_PAUSED,202.41,6,4.02,33.73,"1,60%",25.33,1.21,7992,2026-07-14
AD05,120254883195600102,CAMPAIGN_PAUSED,201.12,2,1.85,100.56,"6,75%",11.48,1.17,17518,2026-07-24
AD02,120254795810180102,CAMPAIGN_PAUSED,200.1,1,0.57,200.1,"1,61%",27.28,1.17,7335,2026-07-21
AD02 - VIDEO 2,120252678192270102,CAMPAIGN_PAUSED,196.32,4,5.5,49.08,"1,67%",21.29,1.34,9220,2026-06-10
AD01 - VÍDEO 1,120252678662840102,CAMPAIGN_PAUSED,195.86,4,4.03,48.97,"1,89%",49.42,1.11,3963,2026-06-10
VID03,120254883354020102,CAMPAIGN_PAUSED,195.1,2,4.12,97.55,"5,39%",15.43,1.25,12646,2026-07-24
AD02 - BANNER 2,120251355081930102,ADSET_PAUSED,193.75,5,8.78,38.75,"2,16%",44.58,1.34,4346,2026-05-22
VID07,120251357168690102,CAMPAIGN_PAUSED,191.61,2,3.15,95.81,"2,02%",39.84,1.41,4810,2026-05-22
AD02 - VIDEO 2,120252678778360102,CAMPAIGN_PAUSED,189.21,5,7.31,37.84,"1,32%",24.28,1.16,7792,2026-06-10
AD02,120254618555090102,CAMPAIGN_PAUSED,188.05,9,11.18,20.89,"2,70%",30.25,1.17,6217,2026-07-14
AD01 - VÍDEO 1,120253689989310102,CAMPAIGN_PAUSED,184.73,1,2.06,184.73,"1,70%",40.82,1.33,4526,2026-06-24
AD07 - LOW CARB,120255705148330102,ACTIVE,177.48,2,1.88,88.74,"1,38%",32.3,1.03,5494,2026-08-28
AD02,120254795789460102,CAMPAIGN_PAUSED,175.42,6,3.8,29.24,"2,06%",27.39,1.16,6404,2026-07-21
AD01 - VÍDEO 1,120254843736180102,CAMPAIGN_PAUSED,173.33,12,20.61,14.44,"1,87%",24.16,1.56,7174,2026-07-23
AD01 - VÍDEO 1,120253304642920102,CAMPAIGN_PAUSED,172.76,0,0.0,,"1,26%",24.13,1.04,7160,2026-06-19
AD03 - KONJAC10,120253068257840102,CAMPAIGN_PAUSED,172.46,2,1.89,86.23,"1,53%",23.92,1.41,7209,2026-06-17
AD02,120254883660000102,CAMPAIGN_PAUSED,171.11,2,1.4,85.56,"2,44%",44.46,1.06,3849,2026-07-24
AD02,120254482169820102,CAMPAIGN_PAUSED,166.46,2,2.45,83.23,"2,44%",30.29,1.33,5495,2026-07-09
